path,mape
/Users/nikitasavvin/Desktop/Учеба/LCR_forecast/experiments/LSTM/time_meta_lcr/1_experiment,14.390204439189011
/Users/nikitasavvin/Desktop/Учеба/LCR_forecast/experiments/LSTM/time_meta_lcr/2_experiment,9.522607656931736
/Users/nikitasavvin/Desktop/Учеба/LCR_forecast/experiments/LSTM/time_meta_no_lcr/1_experiment,48.29378292306632
/Users/nikitasavvin/Desktop/Учеба/LCR_forecast/experiments/LSTM/time_meta_no_lcr/2_experiment,29.099292972573878
/Users/nikitasavvin/Desktop/Учеба/LCR_forecast/experiments/Bi-LSTM/time_meta_lcr/1_experiment,9.924293891501536
/Users/nikitasavvin/Desktop/Учеба/LCR_forecast/experiments/Bi-LSTM/time_meta_lcr/2_experiment,7.812302051180782
/Users/nikitasavvin/Desktop/Учеба/LCR_forecast/experiments/Bi-LSTM/time_meta_no_lcr/1_experiment,31.69607935837807
/Users/nikitasavvin/Desktop/Учеба/LCR_forecast/experiments/Bi-LSTM/time_meta_no_lcr/2_experiment,31.90401086120235
